id_empleado,nombre,departamento,edad,desempeño,salario,tiempo_empresa_anios,estado_empleado,salario_anual,id_capacitacion,curso,horas,resultado,horas_capacitacion,satisfaccion,horas_extra,salario_por_hora,anios_redondeados,es_antiguo,categoria_antiguedad,rango_edad,requiere_capacitacion,salario_norm,desempeño_norm
1,Ana,Ventas,25,85,550.0,2,Activo,6600.0,1,Excel Avanzado,10,Aprobado,10,4,5,55.0,2,False,Junior,Joven (<30),False,0.0,0.6666666666666666
2,Luis,IT,31,92,900.0,5,Activo,10800.0,2,Comunicación Efectiva,8,Aprobado,8,5,3,112.5,5,True,Senior,Adulto (30-50),False,0.875,0.9
3,Carlos,Finanzas,28,70,650.0,1,Inactivo,7800.0,3,Liderazgo,12,Reprobado,12,2,12,54.166666666666664,1,False,Junior,Joven (<30),True,0.25,0.16666666666666666
4,María,RRHH,35,88,750.0,7,Activo,9000.0,4,Trabajo En Equipo,6,Sin evaluar,6,4,4,125.0,7,True,Senior,Adulto (30-50),False,0.5,0.7666666666666667
5,Sofía,Marketing,29,78,700.0,3,Activo,8400.0,5,Power Bi,10,Aprobado,10,3,8,70.0,3,False,Junior,Joven (<30),False,0.375,0.43333333333333335
6,José,IT,26,95,950.0,2,Activo,11400.0,6,Gestión Del Tiempo,6,Aprobado,6,5,2,158.33333333333334,2,False,Junior,Joven (<30),False,1.0,1.0
7,Laura,Ventas,40,65,600.0,10,Inactivo,7200.0,7,Resolución De Conflictos,8,Reprobado,8,2,14,75.0,10,True,Senior,Adulto (30-50),True,0.125,0.0
8,Daniel,Finanzas,33,82,800.0,6,Activo,9600.0,8,Inteligencia Emocional,8,Aprobado,8,4,5,100.0,6,True,Senior,Adulto (30-50),False,0.625,0.5666666666666667
9,Paola,RRHH,27,90,720.0,2,Activo,8640.0,9,Análisis De Datos,12,Aprobado,12,5,3,60.0,2,False,Junior,Joven (<30),False,0.425,0.8333333333333334
10,Miguel,Marketing,38,74,680.0,8,Inactivo,8160.0,10,Seguridad Informática,10,Aprobado,10,3,9,68.0,8,True,Senior,Adulto (30-50),False,0.325,0.3
